{"cameraMode":{"drawMode":0,"name":"Shaded","section":"Shading Mode"},"sceneLighting":true,"audioPlay":false,"sceneViewState":{"m_AlwaysRefresh":false,"showFog":true,"showSkybox":true,"showFlares":true,"showImageEffects":true,"showParticleSystems":true,"showVisualEffectGraphs":true,"m_FxEnabled":true},"in2DMode":false,"pivot":{"x":-2.3250489234924318,"y":4.835570335388184,"z":-3.7406539916992189},"rotation":{"x":0.1365266740322113,"y":0.27464064955711367,"z":-0.03921568766236305,"w":0.9511541128158569},"size":1.2247449159622193,"orthographic":false}