{"cameraMode":{"drawMode":0,"name":"Shaded","section":"Shading Mode"},"sceneLighting":false,"audioPlay":false,"sceneViewState":{"m_AlwaysRefresh":false,"showFog":true,"showSkybox":true,"showFlares":true,"showImageEffects":true,"showParticleSystems":true,"showVisualEffectGraphs":true,"m_FxEnabled":true},"in2DMode":false,"pivot":{"x":19.938091278076173,"y":8.519407272338868,"z":28.915021896362306},"rotation":{"x":-0.12135390192270279,"y":0.3205309212207794,"z":-0.04186880216002464,"w":-0.9386579394340515},"size":10.604836463928223,"orthographic":false}