{"cameraMode":{"drawMode":0,"name":"Shaded","section":"Shading Mode"},"sceneLighting":false,"audioPlay":false,"sceneViewState":{"m_AlwaysRefresh":false,"showFog":true,"showSkybox":true,"showFlares":true,"showImageEffects":true,"showParticleSystems":true,"showVisualEffectGraphs":true,"m_FxEnabled":true},"in2DMode":false,"pivot":{"x":17.124855041503908,"y":7.541191101074219,"z":25.85308074951172},"rotation":{"x":-0.13805067539215089,"y":0.41302722692489626,"z":-0.06394036114215851,"w":-0.8980874419212341},"size":10.604836463928223,"orthographic":false}